{
    "best_model": "Logistic Regression",
    "pre_smote_distribution": {
        "1": 337,
        "0": 154
    },
    "post_smote_distribution": {
        "1": 337,
        "0": 337
    },
    "metrics": {
        "Logistic Regression": {
            "accuracy": 0.8373983739837398,
            "precision": 0.8735632183908046,
            "recall": 0.8941176470588236,
            "f1_score": 0.8837209302325582,
            "roc_auc": 0.8777089783281734,
            "confusion_matrix": [
                [
                    27,
                    11
                ],
                [
                    9,
                    76
                ]
            ],
            "classification_report": {
                "0": {
                    "precision": 0.75,
                    "recall": 0.7105263157894737,
                    "f1-score": 0.7297297297297297,
                    "support": 38.0
                },
                "1": {
                    "precision": 0.8735632183908046,
                    "recall": 0.8941176470588236,
                    "f1-score": 0.8837209302325582,
                    "support": 85.0
                },
                "accuracy": 0.8373983739837398,
                "macro avg": {
                    "precision": 0.8117816091954023,
                    "recall": 0.8023219814241487,
                    "f1-score": 0.8067253299811439,
                    "support": 123.0
                },
                "weighted avg": {
                    "precision": 0.8353892159611253,
                    "recall": 0.8373983739837398,
                    "f1-score": 0.836146413004042,
                    "support": 123.0
                }
            },
            "roc_curve": {
                "fpr": [
                    0.0,
                    0.0,
                    0.0,
                    0.02631578947368421,
                    0.02631578947368421,
                    0.05263157894736842,
                    0.05263157894736842,
                    0.07894736842105263,
                    0.07894736842105263,
                    0.10526315789473684,
                    0.10526315789473684,
                    0.13157894736842105,
                    0.13157894736842105,
                    0.15789473684210525,
                    0.15789473684210525,
                    0.18421052631578946,
                    0.18421052631578946,
                    0.23684210526315788,
                    0.23684210526315788,
                    0.2631578947368421,
                    0.2631578947368421,
                    0.2894736842105263,
                    0.2894736842105263,
                    0.3157894736842105,
                    0.3157894736842105,
                    0.34210526315789475,
                    0.34210526315789475,
                    0.3684210526315789,
                    0.3684210526315789,
                    0.42105263157894735,
                    0.42105263157894735,
                    0.9210526315789473,
                    0.9210526315789473,
                    1.0
                ],
                "tpr": [
                    0.0,
                    0.011764705882352941,
                    0.07058823529411765,
                    0.07058823529411765,
                    0.3411764705882353,
                    0.3411764705882353,
                    0.35294117647058826,
                    0.35294117647058826,
                    0.4470588235294118,
                    0.4470588235294118,
                    0.7294117647058823,
                    0.7294117647058823,
                    0.7647058823529411,
                    0.7647058823529411,
                    0.788235294117647,
                    0.788235294117647,
                    0.8117647058823529,
                    0.8117647058823529,
                    0.8235294117647058,
                    0.8235294117647058,
                    0.8588235294117647,
                    0.8588235294117647,
                    0.9176470588235294,
                    0.9176470588235294,
                    0.9411764705882353,
                    0.9411764705882353,
                    0.9647058823529412,
                    0.9647058823529412,
                    0.9764705882352941,
                    0.9764705882352941,
                    0.9882352941176471,
                    0.9882352941176471,
                    1.0,
                    1.0
                ]
            },
            "feature_importances": {
                "ApplicantIncome": 0.10072270553687425,
                "CoapplicantIncome": 0.06991468138379643,
                "LoanAmount": 0.18981967129140284,
                "Loan_Amount_Term": 0.014520653743768456,
                "Credit_History": 1.2632135144933154,
                "TotalIncome": 0.06804622174090919,
                "Income_Loan_Ratio": 0.018236986559927247,
                "x0_Female": 0.08265895406379331,
                "x0_Male": 0.08560462027217676,
                "x1_No": 0.17839484364368774,
                "x1_Yes": 0.17544917743530666,
                "x2_0": 0.10268161442904322,
                "x2_1": 0.28214065187969445,
                "x2_2": 0.2876412076102727,
                "x2_3+": 0.09423539249008261,
                "x3_Graduate": 0.1708181919306362,
                "x3_Not Graduate": 0.17376385813901907,
                "x4_No": 0.006654329688533384,
                "x4_Yes": 0.0037086634801520163,
                "x5_Rural": 0.404085790381603,
                "x5_Semiurban": 0.5013201065177803,
                "x5_Urban": 0.10017998234455913
            }
        },
        "Random Forest": {
            "accuracy": 0.8048780487804879,
            "precision": 0.8505747126436781,
            "recall": 0.8705882352941177,
            "f1_score": 0.8604651162790697,
            "roc_auc": 0.8377708978328173,
            "confusion_matrix": [
                [
                    25,
                    13
                ],
                [
                    11,
                    74
                ]
            ],
            "classification_report": {
                "0": {
                    "precision": 0.6944444444444444,
                    "recall": 0.6578947368421053,
                    "f1-score": 0.6756756756756757,
                    "support": 38.0
                },
                "1": {
                    "precision": 0.8505747126436781,
                    "recall": 0.8705882352941177,
                    "f1-score": 0.8604651162790697,
                    "support": 85.0
                },
                "accuracy": 0.8048780487804879,
                "macro avg": {
                    "precision": 0.7725095785440612,
                    "recall": 0.7642414860681115,
                    "f1-score": 0.7680703959773727,
                    "support": 123.0
                },
                "weighted avg": {
                    "precision": 0.8023393452325328,
                    "recall": 0.8048780487804879,
                    "f1-score": 0.8033756956048504,
                    "support": 123.0
                }
            },